{"1": {"Test Results": [0.8780487804878049, 0.8048780487804879, 0.8292682926829268, 0.8148148148148148, 0.8271604938271605], "Test Results_on prob": [0.8780487804878049, 0.8048780487804879, 0.8292682926829268, 0.8148148148148148, 0.8271604938271605], "Validation Results": [0.7878787878787878, 0.8333333333333334, 0.8181818181818182, 0.8636363636363636, 0.803030303030303], "Validation Results_on prob": [0.7878787878787878, 0.8333333333333334, 0.8181818181818182, 0.8636363636363636, 0.803030303030303]}, "3": {"Test Results": [0.8048780487804879, 0.8780487804878049, 0.7439024390243902, 0.8518518518518519, 0.8395061728395061], "Test Results_on prob": [0.8048780487804879, 0.8780487804878049, 0.7439024390243902, 0.8518518518518519, 0.8395061728395061], "Validation Results": [0.8181818181818182, 0.7878787878787878, 0.7727272727272727, 0.8484848484848485, 0.8787878787878788], "Validation Results_on prob": [0.8181818181818182, 0.7878787878787878, 0.7727272727272727, 0.8484848484848485, 0.8787878787878788]}, "5": {"Test Results": [0.8292682926829268, 0.8780487804878049, 0.8536585365853658, 0.8024691358024691, 0.7654320987654321], "Test Results_on prob": [0.8292682926829268, 0.8780487804878049, 0.8536585365853658, 0.8024691358024691, 0.7654320987654321], "Validation Results": [0.696969696969697, 0.7575757575757576, 0.8181818181818182, 0.8636363636363636, 0.8484848484848485], "Validation Results_on prob": [0.696969696969697, 0.7575757575757576, 0.8181818181818182, 0.8636363636363636, 0.8484848484848485]}, "7": {"Test Results": [0.8414634146341463, 0.8292682926829268, 0.7560975609756098, 0.8395061728395061, 0.8148148148148148], "Test Results_on prob": [0.8414634146341463, 0.8292682926829268, 0.7560975609756098, 0.8395061728395061, 0.8148148148148148], "Validation Results": [0.8181818181818182, 0.8484848484848485, 0.8333333333333334, 0.803030303030303, 0.7272727272727273], "Validation Results_on prob": [0.8181818181818182, 0.8484848484848485, 0.8333333333333334, 0.803030303030303, 0.7272727272727273]}, "9": {"Test Results": [0.8170731707317073, 0.8780487804878049, 0.8048780487804879, 0.7777777777777778, 0.8148148148148148], "Test Results_on prob": [0.8170731707317073, 0.8780487804878049, 0.8048780487804879, 0.7777777777777778, 0.8148148148148148], "Validation Results": [0.7575757575757576, 0.7575757575757576, 0.803030303030303, 0.8333333333333334, 0.7878787878787878], "Validation Results_on prob": [0.7575757575757576, 0.7575757575757576, 0.803030303030303, 0.8333333333333334, 0.7878787878787878]}, "11": {"Test Results": [0.8048780487804879, 0.8414634146341463, 0.7682926829268293, 0.7901234567901234, 0.9012345679012346], "Test Results_on prob": [0.8048780487804879, 0.8414634146341463, 0.7682926829268293, 0.7901234567901234, 0.9012345679012346], "Validation Results": [0.8181818181818182, 0.8333333333333334, 0.7424242424242424, 0.8181818181818182, 0.7878787878787878], "Validation Results_on prob": [0.8181818181818182, 0.8333333333333334, 0.7424242424242424, 0.8181818181818182, 0.7878787878787878]}, "13": {"Test Results": [0.8292682926829268, 0.7926829268292683, 0.8170731707317073, 0.8395061728395061, 0.7901234567901234], "Test Results_on prob": [0.8292682926829268, 0.7926829268292683, 0.8170731707317073, 0.8395061728395061, 0.7901234567901234], "Validation Results": [0.7424242424242424, 0.7575757575757576, 0.8333333333333334, 0.8787878787878788, 0.7575757575757576], "Validation Results_on prob": [0.7424242424242424, 0.7575757575757576, 0.8333333333333334, 0.8787878787878788, 0.7575757575757576]}}