{"1": {"Test Results": [0.7682926829268293, 0.7682926829268293, 0.7317073170731707, 0.7037037037037037, 0.691358024691358], "Test Results_on prob": [0.7804878048780488, 0.7560975609756098, 0.7317073170731707, 0.7160493827160493, 0.7037037037037037], "Validation Results": [0.7727272727272727, 0.6212121212121212, 0.7121212121212122, 0.8333333333333334, 0.5757575757575758], "Validation Results_on prob": [0.7727272727272727, 0.6363636363636364, 0.7272727272727273, 0.8333333333333334, 0.6060606060606061]}, "3": {"Test Results": [0.7073170731707317, 0.7439024390243902, 0.7804878048780488, 0.6296296296296297, 0.8024691358024691], "Test Results_on prob": [0.7317073170731707, 0.7317073170731707, 0.7682926829268293, 0.654320987654321, 0.7901234567901234], "Validation Results": [0.6818181818181818, 0.6666666666666666, 0.6818181818181818, 0.6363636363636364, 0.7424242424242424], "Validation Results_on prob": [0.7272727272727273, 0.6818181818181818, 0.7121212121212122, 0.6515151515151515, 0.7727272727272727]}, "5": {"Test Results": [0.7317073170731707, 0.7682926829268293, 0.7560975609756098, 0.6666666666666666, 0.7283950617283951], "Test Results_on prob": [0.7439024390243902, 0.7804878048780488, 0.7317073170731707, 0.6790123456790124, 0.7037037037037037], "Validation Results": [0.7727272727272727, 0.803030303030303, 0.803030303030303, 0.7272727272727273, 0.7424242424242424], "Validation Results_on prob": [0.803030303030303, 0.8333333333333334, 0.8181818181818182, 0.7727272727272727, 0.7575757575757576]}, "7": {"Test Results": [0.7317073170731707, 0.6585365853658537, 0.7317073170731707, 0.7654320987654321, 0.6666666666666666], "Test Results_on prob": [0.7439024390243902, 0.6585365853658537, 0.7439024390243902, 0.7777777777777778, 0.6666666666666666], "Validation Results": [0.7727272727272727, 0.7121212121212122, 0.7272727272727273, 0.6212121212121212, 0.696969696969697], "Validation Results_on prob": [0.803030303030303, 0.7121212121212122, 0.7272727272727273, 0.6363636363636364, 0.696969696969697]}, "9": {"Test Results": [0.6829268292682927, 0.7804878048780488, 0.6829268292682927, 0.8024691358024691, 0.8148148148148148], "Test Results_on prob": [0.6951219512195121, 0.7926829268292683, 0.6951219512195121, 0.8148148148148148, 0.8395061728395061], "Validation Results": [0.7424242424242424, 0.7272727272727273, 0.7424242424242424, 0.803030303030303, 0.6515151515151515], "Validation Results_on prob": [0.7424242424242424, 0.7272727272727273, 0.7424242424242424, 0.803030303030303, 0.6666666666666666]}, "11": {"Test Results": [0.7804878048780488, 0.7804878048780488, 0.6951219512195121, 0.7283950617283951, 0.6666666666666666], "Test Results_on prob": [0.7804878048780488, 0.7926829268292683, 0.6951219512195121, 0.7407407407407407, 0.6790123456790124], "Validation Results": [0.6666666666666666, 0.803030303030303, 0.7727272727272727, 0.7727272727272727, 0.8181818181818182], "Validation Results_on prob": [0.6515151515151515, 0.8333333333333334, 0.7575757575757576, 0.7878787878787878, 0.7727272727272727]}, "13": {"Test Results": [0.7560975609756098, 0.6829268292682927, 0.8048780487804879, 0.7283950617283951, 0.7777777777777778], "Test Results_on prob": [0.7439024390243902, 0.7195121951219512, 0.8414634146341463, 0.7283950617283951, 0.7777777777777778], "Validation Results": [0.7272727272727273, 0.7424242424242424, 0.696969696969697, 0.7272727272727273, 0.7727272727272727], "Validation Results_on prob": [0.7272727272727273, 0.7424242424242424, 0.7272727272727273, 0.7272727272727273, 0.7878787878787878]}}